{"avg_loss": 0.02, "avg_classification_loss": 0.02, "avg_acc": 0.86, "avg_bwt": -0.07, "avg_adapt": 0.09, "avg_generalise": 0.06, "_timestamp": 1696405165.541898, "_runtime": 13.899040937423706, "_step": 0, "_wandb": {"runtime": 13}}