{"avg_loss": 0.04, "avg_classification_loss": 0.04, "_timestamp": 1696478356.8857641, "_runtime": 16.07068920135498, "_step": 0, "_wandb": {"runtime": 15}}