{"avg_loss": 0.01, "avg_classification_loss": 0.01, "avg_acc": 0.87, "avg_bwt": -0.07, "avg_adapt": 0.08, "avg_generalise": 0.03, "_timestamp": 1696407414.9245412, "_runtime": 13.910583257675171, "_step": 0, "_wandb": {"runtime": 13}}