{"avg_loss": 0.01, "avg_classification_loss": 0.01, "avg_acc": 0.87, "avg_bwt": -0.07, "avg_adapt": 0.08, "avg_generalise": 0.03, "_timestamp": 1696408093.6268663, "_runtime": 14.618610382080078, "_step": 0, "_wandb": {"runtime": 13}}