{"avg_loss": 0.02, "avg_classification_loss": 0.02, "avg_acc": 0.85, "avg_bwt": -0.07, "avg_adapt": 0.09, "avg_generalise": 0.07, "_timestamp": 1696405138.6225615, "_runtime": 13.818237543106079, "_step": 0, "_wandb": {"runtime": 13}}