{"avg_loss": 0.04, "avg_classification_loss": 0.04, "_timestamp": 1696326773.954768, "_runtime": 18.30696201324463, "_step": 0, "_wandb": {"runtime": 15}}