{"avg_loss": 0.04, "avg_classification_loss": 0.04, "_timestamp": 1696326953.4584742, "_runtime": 16.246450185775757, "_step": 0, "_wandb": {"runtime": 15}}