{"avg_loss": 0.02, "avg_classification_loss": 0.02, "avg_acc": 0.86, "avg_bwt": -0.07, "avg_adapt": 0.09, "avg_generalise": 0.05, "_timestamp": 1696407361.4183958, "_runtime": 14.097149848937988, "_step": 0, "_wandb": {"runtime": 13}}