lr,momentum,weight_decay,step_size,gamma,feature_length,hidden_channels,kernel_size,stride,dropout,output_channels,hidden_layers,avg_loss_avg_val,avg_classification_loss_avg_val,avg_acc_avg_val,avg_bwt_avg_val,avg_adapt_avg_val,avg_generalise_avg_val
0.001,0.9,0.0001,50,0.5,5,64,5,1,0.5,128,5,0.014524016004482594,0.014297487650765106,0.8644490169181527,-0.08263031550068586,0.13539094650205757,0.025617283950617242
0.001,0.9,0.0001,50,0.5,5,128,5,1,0.5,128,5,0.014441362913930788,0.014213846685985724,0.854503886602652,-0.04447873799725653,0.15248056698673984,-0.04845679012345677
0.01,0.9,0.0001,50,0.5,5,64,5,1,0.5,128,5,0.007512219975857685,0.006964951491681859,0.8412322816643805,-0.1321502057613169,0.09469593049839962,-0.11327160493827165
0.01,0.9,0.0001,50,0.5,5,128,5,1,0.5,128,5,0.0070796816081080275,0.006498754452574455,0.8165866483767719,-0.019478737997256503,0.20542981252857798,-0.03971193415637858
