{"avg_loss": 0.04, "avg_classification_loss": 0.04, "_timestamp": 1696327058.2338982, "_runtime": 15.986786127090454, "_step": 0, "_wandb": {"runtime": 15}}