{"avg_loss": 0.03, "avg_classification_loss": 0.03, "avg_acc": 0.84, "avg_bwt": -0.07, "avg_adapt": 0.11, "avg_generalise": 0.07, "_timestamp": 1696407959.027877, "_runtime": 14.296431064605713, "_step": 0, "_wandb": {"runtime": 13}}