{"avg_loss": 0.04, "avg_classification_loss": 0.04, "avg_acc": 0.85, "avg_bwt": -0.07, "avg_adapt": 0.17, "avg_generalise": 0.06, "_timestamp": 1696392815.4375894, "_runtime": 114.15766334533691, "_step": 0, "_wandb": {"runtime": 113}}