{"avg_loss": 0.04, "avg_classification_loss": 0.04, "_timestamp": 1696389133.0080514, "_runtime": 72.98325443267822, "_step": 0, "_wandb": {"runtime": 72}}