{"avg_loss": 0.02, "avg_classification_loss": 0.02, "avg_acc": 0.85, "avg_bwt": -0.07, "avg_adapt": 0.09, "avg_generalise": 0.06, "_timestamp": 1696406573.9058537, "_runtime": 16.998443841934204, "_step": 0, "_wandb": {"runtime": 14}}