{"avg_loss": 0.04, "avg_classification_loss": 0.04, "avg_acc": 0.85, "avg_bwt": -0.07, "avg_adapt": 0.17, "avg_generalise": 0.06, "_timestamp": 1696407933.7166245, "_runtime": 15.858446598052979, "_step": 0, "_wandb": {"runtime": 15}}