{"avg_loss": 0.04, "avg_classification_loss": 0.04, "_timestamp": 1696327510.669761, "_runtime": 49.738028049468994, "_step": 0, "_wandb": {"runtime": 131}}